{"1": -0.01014254047722063, "2": 0.02978629418785428, "3": -0.010757494950500157, "4": 0.008572819873480353, "5": 0.020211239391402347, "6": 0.013384364109859215, "7": -0.006928728294487152, "8": 0.014195414233998616, "9": 0.009367115250886515, "10": -0.021912837111082606, "11": -0.022377936694777223, "12": 0.03489643001046083, "13": -0.03495028259150218, "14": 0.0025496775579716413, "15": -0.007925842020721718, "16": -0.013693489304273332, "17": -0.02366104454236634, "18": -0.0020540265236909105, "19": -0.04500144657638905, "20": 0.032890498478914454, "21": -0.021282068619858208, "22": 0.014854523927368746, "23": -0.013064293522883685, "25": -0.022190697115606783, "26": -0.00910914146515518, "27": 0.01959629196146584, "28": 0.017351456327552084, "29": 0.013498731175797474, "30": 0.015160129352305263, "31": 0.0183534416366955, "32": 0.022116395648184684, "33": -0.009346656122475538, "34": -0.04742881993751774, "35": 0.028188112474140437, "36": 0.024027243554733846, "37": -0.0019890472365787226, "38": -0.04656669337222896, "39": -0.03446996908414973, "40": -0.03411264464607111, "41": 0.018709259791776844, "42": 0.044929138081279185, "43": -0.022157885962633683, "44": 0.022872542564614684, "45": -0.007927551827953405, "46": -0.04622226940795243, "47": -0.014851791911767886, "48": 0.00020418042859582375, "49": -0.0057897320031687904, "50": 0.0004975045890994734, "51": 0.0027371871730088593, "52": -0.00653303748826034, "53": -0.06195403768219304, "54": 0.0169192323680728, "55": 0.0031238838263042412, "56": 0.002706992692253496, "57": -0.0003558306577074455, "58": -0.00610591049837278, "59": -0.016302573720020752, "60": 0.019055480200353636, "61": -0.014489232301586108, "62": -0.010970461946939347, "63": -0.024195562214611888, "64": -0.027743586285983002, "65": -0.05008506218584413, "66": -0.05254400034916584, "67": 0.05691876390206796, "68": 0.008197438148748404, "69": -0.028459787924272506, "70": -0.028471825209415602, "71": 0.0026293287185604752, "72": -0.05129495793688449, "73": -0.005622496562268431, "74": 0.010533513757023272, "75": 0.014913298691715537, "76": -0.013977821283447878, "77": -0.005930035808444478, "78": -0.010984166044147592, "79": -0.05141194914336805, "80": -0.005792284535383441, "81": 0.020576974502421574, "82": -0.012483504320803696, "83": -0.016837270884190514, "84": 0.02266241931427615, "85": 0.01233542932694398, "86": -9.728037897049902e-05, "87": -0.011178583775496409, "88": 0.019462009035114747, "89": 0.017611095243088015, "90": -0.007405339632095054, "91": 0.0013132843909051672, "92": 0.0002218860312657167, "93": 0.005915578412111433, "94": 0.01536967252723942, "95": 0.020010362981017105, "96": 0.012966890825925947, "97": -0.016301345754479002, "98": -0.04461481522025268, "99": 0.022341038761368615, "100": -0.021661086161713916, "101": -0.003210373400927946, "102": 0.005607268969542223, "103": -0.010312818359648368, "104": 0.018130574384587983, "105": 0.005649909262874342, "106": -0.019869228964741692, "107": -0.00680526680526683, "108": 0.011348956673949306, "109": -0.01781855051362352, "110": 0.008800368134468828, "111": -0.008010859829047978, "112": -0.006664216804454004, "113": -0.02199936634974642, "114": -0.04437883930473152, "119": -0.023854022783752926, "120": -0.02844211702128463, "121": 0.01521747580363042, "123": -0.019285422909141092, "126": -0.010068622165671559, "128": -0.0052606260715916675, "129": -0.04092919101327175, "131": -0.022993045771289133, "135": 0.02421432238019483, "136": -0.02329281758036572, "137": 0.0033094108114365417, "138": -0.00840176271227877, "145": -0.0362585181455351, "155": -0.022890288334395603}