{"1": 0.03009702560839833, "2": 0.013264009786853603, "3": 0.006052927927927887, "4": 0.00018512468692144513, "5": 0.002228459641064884, "6": 0.018172611679981965, "7": -0.02003858696825933, "8": 0.004987922144283896, "9": 0.028306966488038765, "10": -0.009761864549907129, "11": -0.00646990685917781, "12": 0.036283317615525834, "13": -0.007752106629537792, "14": 0.0029074470930482432, "15": 0.015965882059763015, "16": 0.0224049821713197, "17": 0.013847594776793981, "18": 0.0005037408955026468, "19": -0.04014046134285887, "20": 0.021511017838405033, "21": -0.010986947348897602, "22": 0.004171085646291983, "23": -0.01028394931732829, "25": -0.012965823986254787, "26": 0.008223120021343955, "27": 0.015500215978382026, "28": 0.017926452895328793, "29": 0.008123856123706696, "30": 0.020209403486183608, "31": 0.027226587975488603, "32": 0.01660134330162133, "33": 0.020486362539222758, "34": 0.008866044766258852, "35": -0.05119679456250392, "36": 0.0008026858334276854, "37": -0.010581718471079693, "38": -0.04245869603837271, "39": -0.008617698091382298, "40": -0.01080820801540855, "41": 0.03235402252749087, "42": 0.04205559057429775, "43": -0.03020085911065251, "44": 0.01563546021214235, "45": -0.034789435447962314, "46": -0.0266527466453772, "47": -0.032334855938158824, "48": -0.016845241505758335, "49": -0.03525328695860758, "50": 0.001634615384615401, "51": -0.0006400367610857605, "52": 0.0189624035462157, "53": -0.06920633181793284, "54": 0.025117555399274627, "55": 0.009239730842623306, "56": 0.00538730903913498, "57": 0.009630907361949603, "58": -0.014680612626073952, "59": -0.04167011503765622, "60": 0.0071357670673872775, "61": -0.028216635837098603, "62": 0.009329216214440605, "63": -0.0007081879402031643, "64": -0.024776932577655175, "65": -0.019654745575591326, "66": -0.030134086097388824, "67": 0.06151676514212079, "68": 0.010704879938032485, "69": -0.014494914355763167, "70": -0.019735104163820016, "71": 0.009835274241235759, "72": -0.03432252717981099, "73": 0.0366876678190976, "74": 0.033958874870559375, "75": -0.0025103618327669275, "76": 0.036921965317919025, "77": -0.021409866232571295, "78": 0.008416142770229174, "79": -0.010130141155328842, "80": 0.02302158273381294, "81": 0.016397248132359765, "82": 0.0402640978460872, "83": -0.014559497748957095, "84": -0.00603681335915679, "85": -0.003699521587971377, "86": -0.03374686947020317, "87": -0.0002017575322811882, "88": 0.02737689369664964, "89": 0.019059494121838272, "90": -0.03309633842872378, "91": -0.027327085222882852, "92": 0.006412311638345658, "93": 0.00752049373904462, "94": 0.040556531385781636, "95": 0.01969508830022071, "96": 0.02979844304898982, "97": -0.02092224131242032, "98": -0.02202597106298837, "99": -0.006684440570644878, "100": -0.015078767561117645, "101": -0.0005660213056224994, "102": 0.0001726774877892634, "103": 0.029562301447229045, "104": 0.015857468956920084, "105": -0.01001524058349662, "106": -0.027541502903736748, "107": 0.0007307804735458001, "108": -0.009706436656684692, "109": -0.04551158517456194, "110": 0.00026284105746887665, "111": -0.007121532528921504, "112": 0.009012123726547694, "113": 0.045070570334225346, "114": -0.03708307833537333, "119": -0.004947089080365619, "120": -0.021163215590743023, "121": 0.010481913787125818, "123": -0.022448070272219955, "126": 0.007990984530273582, "128": -0.022492620352862758, "129": -0.022498409014337584, "131": -0.018624042658859807, "135": -0.0069918313257777975, "136": -0.02437233496700225, "137": 0.0002464036796282487, "138": -0.002639392939623897, "145": -0.026541201663715375, "155": 0.037793736648334186}