{"1": -0.003501970142036237, "2": 0.035320909806950795, "3": -0.013252704477962618, "4": 0.009361313637038848, "5": 0.005030004688948542, "6": 0.012067495347660606, "7": -0.010053178163489274, "8": 0.016122231287821087, "9": -0.02442896086963886, "10": -0.058106974116848065, "11": -0.026995026754104978, "12": -0.036438051007993966, "13": -0.026830616272273233, "14": 0.004337184858190901, "15": 0.015586799546199903, "16": 0.02295120428477071, "17": 0.0014829473769891743, "18": -0.006107740584707311, "19": -0.027563890492593057, "20": 0.022290890817956432, "21": -0.0076918083092589185, "22": -0.0069598006656051425, "23": 0.004227495471554543, "25": -0.008452051272991756, "26": -0.014152582576483275, "27": 0.025399506875601885, "28": -0.00268716256564, "29": 0.002662535253080023, "30": 0.029195422615053812, "31": 0.04415461025410661, "32": 0.012707656765342135, "33": -0.0058679191601000436, "34": 0.02447672703708892, "35": -0.00023468031326218108, "36": 0.02347028816982022, "37": 0.0560143047967121, "38": -0.05537033229945981, "39": -0.006216751635884754, "40": -0.02615977262584268, "41": -0.01970302548338837, "42": 0.06604524580147908, "43": -0.00245489488846945, "44": 0.02238268825204137, "45": -0.031088652392077643, "46": -0.0624992925828729, "47": 0.012917468894474537, "48": 0.0010950288323650081, "49": -0.008753700352147231, "50": -0.01814485707294944, "51": 0.02073175284138229, "52": 0.011128986447245137, "53": -0.03025440060079182, "54": 0.00020161653065042806, "55": 0.014739067387904092, "56": 0.005909013049082201, "57": 0.02101169658367108, "58": -0.008693252255431605, "59": -0.020065215431047723, "60": 0.017614676885254088, "61": -0.019446330379042254, "62": -0.0008030440142224871, "63": 0.005114607359453793, "64": 0.007867758921864532, "65": -0.08291709817226722, "66": -0.07840471756672873, "67": 0.010486260326774466, "68": 0.01643311593687713, "69": -0.02975150218670014, "70": -0.0002481174112619611, "71": -0.005024590653132266, "72": -0.026200849912108914, "73": -0.006849259727290058, "74": -0.03952560134013777, "75": 0.043002990984839284, "76": 0.01519256465446317, "77": -0.0004409972597574918, "78": -0.01683337549904662, "79": -0.020302629576817444, "80": -0.027109513991579792, "81": 0.006105194373430822, "82": -0.037865217855490574, "83": 0.004680898464025529, "84": 0.01642096673178506, "85": 0.024363709404069955, "86": -0.024241337528349227, "87": -0.0039831841762072995, "88": -0.004688506523240765, "89": -0.023824085303700948, "90": -0.044869985207076746, "91": -0.0018491772226826297, "92": 0.0011735806290161799, "93": 0.0001402681564751651, "94": 0.052182935548591214, "95": 0.009398492489388177, "96": 0.022173128833231748, "97": -0.042596127179888754, "98": 0.00607466750586938, "99": 0.02110240125457674, "100": -0.05614738629522692, "101": 0.017761582569472245, "102": 0.058085063994529396, "103": 0.0001354556670168927, "104": 0.016930293561149057, "105": -0.039588917668183454, "106": -0.0012750142983192214, "107": -0.029507766238199673, "108": 0.03507068595085672, "109": -0.04240945116402206, "110": -0.010845933840374133, "111": 0.02525775048858392, "112": -0.0017518144136092761, "113": 0.017621050516070658, "114": -0.04802964821417838, "119": -0.012080537314612505, "120": -0.04846499809067639, "121": -0.014888554693562706, "123": -0.031010998878590157, "126": 0.008077230377202982, "128": -0.05294705827740648, "129": -0.023852660534015968, "131": 0.003037634463393113, "135": -0.007123952334861572, "136": -0.013014239194593491, "137": -0.007426142986512896, "138": -0.004470728260061008, "145": -0.02706265590300072, "155": -0.057425134140517475}