{"1": 0.006409965698077058, "2": 0.015068138025075117, "3": -0.021189312886030487, "4": 0.006666034923889397, "5": 0.0091741518562245, "6": 0.02283626507786307, "7": -0.022285395099268968, "8": 0.0011311397467432815, "9": 0.015653765978941414, "10": -0.025291383614891194, "11": -0.00974827141130613, "12": 0.03256575145900342, "13": -0.026022754780924695, "14": 0.01101391020407183, "15": 0.030633383049272433, "16": 0.013677883496355903, "17": -0.013652219604192828, "18": -0.0033833169945822195, "19": -0.03691389838255277, "20": 0.03196233615584454, "21": -0.011844351544895382, "22": -0.0006939435508150349, "23": -0.008237954565052497, "25": -0.01621573701056278, "26": -0.009543939151252956, "27": 0.01923853353996363, "28": 0.014734387164783036, "29": 0.016307464830866092, "30": 0.02296583994450374, "31": 0.028012808629715003, "32": 0.018432135858144627, "33": 0.001137683249245236, "34": -0.04369120920490466, "35": -0.008300973224046493, "36": 0.018276501911399068, "37": 0.004406117130709042, "38": -0.03833849515029292, "39": -0.017106413372939555, "40": -0.006279426011588762, "41": 0.011001283382786275, "42": 0.04799142205406293, "43": -0.01658322783227062, "44": -0.001807929154411303, "45": -0.015412107406819364, "46": -0.03035105674061378, "47": -0.011020031556087995, "48": 0.0065714205132795245, "49": -0.01987698633215207, "50": 0.018568086329033617, "51": 0.012392512506290143, "52": 0.00909187566905334, "53": -0.0654790806209839, "54": 0.019169608340856237, "55": 0.012431889574385346, "56": 0.01200068906180285, "57": 0.012835002899473591, "58": 0.0053985969778755916, "59": -0.019718537187979168, "60": 0.010547194242530922, "61": 0.00917141049968373, "62": -0.008446680754654046, "63": -0.001174269741553935, "64": -0.022297739965375207, "65": -0.034652468915365386, "66": -0.044002837319619625, "67": 0.052659469892727184, "68": 0.009384817046661387, "69": -0.019074329766425036, "70": -0.018677850710369703, "71": 0.0045733382952602986, "72": -0.02674012123556846, "73": 0.0182122000290863, "74": 0.0022710272739503434, "75": -0.004973356368593307, "76": 0.008974234828184713, "77": 0.00559531031861471, "78": -0.01597374054026174, "79": -0.027208154923484884, "80": -0.014275180811728072, "81": 0.0334463649463399, "82": 0.005387678423903974, "83": -0.012521303606831069, "84": 0.020835494288667933, "85": 0.010302480252988633, "86": -0.011072236218104381, "87": -0.003768671283056635, "88": 0.021097675172154107, "89": 0.02179757915466274, "90": -0.024096893300373012, "91": 0.0012760148185413378, "92": 0.004088287361009968, "93": 0.018506857438429836, "94": 0.018897368337394416, "95": 0.01781503154901276, "96": 0.012795832861510537, "97": -0.018671181225300537, "98": -0.04505947345687422, "99": 0.007819126246648378, "100": -0.021198871619232285, "101": 0.007834848373343029, "102": 0.0010283491791105437, "103": -0.0070710929897978, "104": 0.018459044874470365, "105": -0.014606395487830381, "106": -0.025453341141008556, "107": -0.015415676271488044, "108": 0.006459089153304953, "109": -0.04150951722514784, "110": 0.008492136034405573, "111": -0.007882099535785336, "112": 0.010956724105477544, "113": -0.006201394833522944, "114": -0.044016007578467076, "119": -0.011267760909462299, "120": -0.02634520712857663, "121": -0.003515496944872798, "123": -0.01714085658850506, "126": 0.004595269773952526, "128": -0.02983412361595189, "129": -0.030947723454690823, "131": -0.024313656696780983, "135": 0.006921727491203344, "136": -0.014469308852856133, "137": -0.004508338274489376, "138": -0.0021804664673644725, "145": -0.02959863635279758, "155": 0.014456304113160012}