{"1": -0.0018051481165414773, "2": 0.022684629949292545, "3": -0.006880722444517984, "4": 0.012943170923256808, "5": 0.019603113214242462, "6": 0.01902555198356526, "7": -0.004788988036313002, "8": 0.016554758173472628, "9": 0.013865125934867772, "10": -0.007339260068581599, "11": -0.01774237713116722, "12": 0.035943334292522944, "13": -0.038436549391184294, "14": 0.005495696448782228, "15": 0.008865864130171763, "16": -0.004845860636509103, "17": -0.025826796611527036, "18": 0.004315158753628312, "19": -0.05164619941148163, "20": 0.04720430279256449, "21": -0.020065828447789757, "22": 0.016494348142010895, "23": -0.014013690680079294, "25": -0.014583846470803519, "26": -0.015790956823664937, "27": 0.018550996138303688, "28": 0.006690465952874924, "29": 0.008112113869054416, "30": 0.016481505962890663, "31": 0.021336037523913443, "32": 0.019327581003763084, "33": -0.006032118821673926, "34": -0.04464994056290872, "35": 0.019304093809639267, "36": 0.028085868350527843, "37": -0.0016320179619099817, "38": -0.05921446393731877, "39": -0.040829446353523036, "40": -0.03541113834500925, "41": 0.007354900971215272, "42": 0.0540176009113853, "43": -0.02401564075726359, "44": 0.024744244792006542, "45": -0.009232336023835441, "46": -0.04367693646094195, "47": -0.011575431310339779, "48": 0.002054640765807192, "49": -0.0028296349972137813, "50": 0.00018755904181877447, "51": -0.009369175201454971, "52": 0.01003275697020467, "53": -0.06546427434293384, "54": 0.016040209596728472, "55": 0.006260729148768962, "56": 0.0009190719856922991, "57": -0.0006490328039516768, "58": -0.010696126933627592, "59": -0.041798353590351445, "60": 0.015337268910669333, "61": -0.015994944042414472, "62": -0.0031363784122599436, "63": -0.01947797237123522, "64": -0.019344286949655953, "65": -0.07644148717311966, "66": -0.06867882696765093, "67": 0.054859479329746, "68": 0.015048222412991086, "69": -0.03229035228828914, "70": -0.02991500419161497, "71": 0.004190477033111262, "72": -0.06525679988422489, "73": -0.017465702170117225, "74": 0.0030609861464184762, "75": 0.014663638614160313, "76": -0.009982432232748306, "77": -0.02127256852221593, "78": -0.005042852407784459, "79": -0.05364490718922149, "80": -0.024275920457958677, "81": 0.02460631811207259, "82": -0.0066596985545912535, "83": -0.013058180962015609, "84": 0.02343399004369129, "85": 0.016955877037961642, "86": -0.006301369255157563, "87": -0.011548865057567748, "88": 0.020325181291054872, "89": 0.010051541099406536, "90": -0.011194993397927566, "91": -0.003358862512947036, "92": 0.00013748261249313387, "93": 0.0034023500821583896, "94": 0.01805683316593476, "95": 0.022558755557472443, "96": 0.01627981030580794, "97": -0.015397919601872978, "98": -0.04931748681199616, "99": 0.02113252290404377, "100": -0.027551377093695595, "101": -0.0008286265774999357, "102": 0.018854452531696042, "103": 0.0040128410914928025, "104": 0.017046656660593462, "105": -0.004121843251917501, "106": -0.0228200934788243, "107": -0.006584351957242551, "108": 0.009066363722154525, "109": -0.018150540134272863, "110": -0.0011082963901203335, "111": -0.02071205026988865, "112": -0.01062662631828637, "113": -0.017130109348904687, "114": -0.0460903181943112, "119": -0.027586541258605657, "120": -0.04514758003376618, "121": 0.015124000367384594, "123": -0.02584405548605745, "126": -0.012789581163869468, "128": 0.013327746308190003, "129": -0.030871715547595324, "131": -0.02513047370526278, "135": 0.01571086752528006, "136": -0.02167767390748676, "137": -0.0006727688174442137, "138": -0.009381646627928286, "145": -0.05070863677568299, "155": -0.02573313311403852}