{"1": -0.010212810975976594, "2": 0.02525659283394399, "3": -0.013589989875652242, "4": 0.013363235661394968, "5": 0.023250345567850994, "6": 0.0040977771714511, "7": -0.006722914192795693, "8": 0.008054374013164889, "9": 0.007343423006135996, "10": -0.0214376577065043, "11": -0.030713590686962278, "12": 0.034364078371344475, "13": -0.03948225487218693, "14": -0.0011797421220464122, "15": -0.0034659942365127816, "16": 0.0024578803910791924, "17": -0.029105890986898142, "18": -0.0009227844033077859, "19": -0.04257855102724095, "20": 0.03299943642524095, "21": -0.023533559671137683, "22": 0.012517269784145357, "23": -0.013831241700029917, "25": -0.024257802588175614, "26": -0.011986038185856862, "27": 0.019211562705840457, "28": 0.01913202024915217, "29": 0.030776769796212355, "30": 0.013766858789625358, "31": 0.016519978009667424, "32": 0.022709813276806767, "33": -0.009421145622379168, "34": -0.053451424291056426, "35": 0.014502419410913792, "36": 0.0242514055828269, "37": -0.002669344113688521, "38": -0.026842379958246343, "39": -0.01570216833627608, "40": -0.025560046195310493, "41": 0.013196643907796957, "42": 0.04529668548572707, "43": -0.022005081326031406, "44": 0.010484819213507968, "45": -0.005315656068187513, "46": -0.047227810750857746, "47": -0.012290535188075657, "48": 0.004833143261238737, "49": -0.008697051750582274, "50": 0.0009277205444748748, "51": -0.002298339681664485, "52": -0.0022449179321282764, "53": -0.06290007588209967, "54": 0.02111344324896436, "55": 0.005918159625309172, "56": 0.005512154666351465, "57": -0.008373821641849688, "58": -0.0032863808703333386, "59": -0.014270733032709537, "60": 0.01621080512600792, "61": -0.014121762407005745, "62": -0.01392849576779126, "63": -0.022910188869610715, "64": -0.02950817983724191, "65": -0.013221236818562854, "66": -0.047357952732455466, "67": 0.05838336217819329, "68": 0.001534034404688911, "69": -0.02294450094771394, "70": -0.02686790480873874, "71": 0.0006323499652697295, "72": -0.04795990636816516, "73": 0.014480137587034814, "74": 0.003832478338965828, "75": 0.016445649985731614, "76": -0.016527533848215092, "77": -0.01448338732520471, "78": -0.015870203430165042, "79": -0.04560572074855873, "80": 0.010921091118923809, "81": 0.015145814491814735, "82": 0.00713585087146118, "83": -0.020535815529512225, "84": 0.029045326465577448, "85": 0.013005489248124058, "86": 0.004605739768978823, "87": -0.008677487691637675, "88": 0.017200814257110508, "89": 0.02288220121470863, "90": -0.005368798332912983, "91": 0.00949305477104423, "92": -0.00037850684707568805, "93": 0.0138860092075489, "94": 0.021451768316619657, "95": 0.01567145396485814, "96": -0.00011057517601914535, "97": -0.02000100868242799, "98": -0.058597296874184635, "99": 0.03146119950048509, "100": -0.02296866535779485, "101": -0.006862323827407035, "102": 0.001281792935392545, "103": -0.013274017506573976, "104": 0.014765490916055612, "105": 0.011781682484961031, "106": -0.010802663563209802, "107": -0.012257902818309352, "108": 0.0154252915608728, "109": -0.022255638902890507, "110": 0.022193840732641856, "111": -0.004895288864273595, "112": -0.0007339694015282006, "113": -0.023281364708430452, "114": -0.03208761458448778, "119": -0.023828636928786673, "120": -0.010680067035107876, "121": 0.014006994629883529, "123": -0.013798324339031165, "126": -0.006427632759348045, "128": -0.028372980495978972, "129": -0.04612747853203136, "131": -0.020338830367730765, "135": 0.029328038843704052, "136": -0.023417036497583865, "137": 0.020160833796259547, "138": 0.0008944022958814468, "145": -0.028597317371188535, "155": -0.027998987936720288}