{"1": 0.03008836608625398, "2": 0.013251810273034792, "3": 0.006029184066063009, "4": 0.0001742312048087502, "5": 0.0022284217330656997, "6": 0.01819479235137711, "7": -0.02005499647273934, "8": 0.004996429048384932, "9": 0.028318334487090757, "10": -0.009753255307290876, "11": -0.006478128511946513, "12": 0.03626910859638677, "13": -0.007737154293504245, "14": 0.0029024077767357825, "15": 0.015979588716026005, "16": 0.022427787453583536, "17": 0.013846689971359183, "18": 0.0005037408955026468, "19": -0.04012411079158468, "20": 0.02152397697303121, "21": -0.010986641690352461, "22": 0.004174130093182349, "23": -0.010309730630867764, "25": -0.012951070654169339, "26": 0.00821645450618691, "27": 0.015483903369996499, "28": 0.01792065949700794, "29": 0.008135901298507275, "30": 0.02020813868759974, "31": 0.027222480500025847, "32": 0.016609689561103647, "33": 0.020515295963313807, "34": 0.008852129796004693, "35": -0.0511971237146705, "36": 0.0007959927261584898, "37": -0.010585832190867006, "38": -0.04245366806797324, "39": -0.008611715171424617, "40": -0.010804103855698355, "41": 0.03234903366505404, "42": 0.04205809214616285, "43": -0.03021068291980611, "44": 0.015615818872864451, "45": -0.034775272999953144, "46": -0.02666001381745603, "47": -0.032324368005902715, "48": -0.01683687354082819, "49": -0.035252229967768556, "50": 0.0016265243658157846, "51": -0.0006481891727793121, "52": 0.018959913326110467, "53": -0.06921425363406325, "54": 0.025117555399274627, "55": 0.009239730842623306, "56": 0.005401271679636777, "57": 0.009674280786325595, "58": -0.014697643147947581, "59": -0.04165977026713891, "60": 0.007124580907005518, "61": -0.028230941840014567, "62": 0.009329216214440605, "63": -0.0007017046917649483, "64": -0.02478487456065931, "65": -0.019602595838629833, "66": -0.030134086097388824, "67": 0.06152593060857303, "68": 0.010714543896066298, "69": -0.014526120515453655, "70": -0.019747508789827506, "71": 0.009827435363683024, "72": -0.03432252717981099, "73": 0.036658126557400084, "74": 0.03396503121156669, "75": -0.0025223442391604234, "76": 0.0369131396037744, "77": -0.021409866232571295, "78": 0.008416142770229174, "79": -0.010085787155112436, "80": 0.02302158273381294, "81": 0.016388138645059613, "82": 0.0402640978460872, "83": -0.014557693896093182, "84": -0.0060291350108036545, "85": -0.0037240259097121586, "86": -0.03373782300756606, "87": -0.00020175300948238606, "88": 0.027388306461948564, "89": 0.019028676601555494, "90": -0.03305608871827681, "91": -0.027327085222882852, "92": 0.006385252471279745, "93": 0.007512424495279446, "94": 0.04053504409399322, "95": 0.01971165453730206, "96": 0.029809501411100614, "97": -0.02092916465437389, "98": -0.02199536139310293, "99": -0.006684097871085981, "100": -0.015056818181818199, "101": -0.0005543591202233911, "102": 0.0001726774877892634, "103": 0.029510366122629028, "104": 0.015851046034135785, "105": -0.010030324236062538, "106": -0.0275390796844297, "107": 0.0007161439303148276, "108": -0.009723217795454042, "109": -0.04548713811956617, "110": 0.0002289105553200388, "111": -0.007105762353453393, "112": 0.009046071584963955, "113": 0.04507777457178086, "114": -0.03708165997322621, "119": -0.004913843936316609, "120": -0.021163215590743023, "121": 0.010504541567476378, "123": -0.022430015593342623, "126": 0.00798203827963595, "128": -0.02249139654773724, "129": -0.022492677129247518, "131": -0.018661787767903837, "135": -0.007001582278481022, "136": -0.024388302107106852, "137": 0.00023465365121078108, "138": -0.0026062285563473453, "145": -0.02652674637273339, "155": 0.0377832989940613}