{"1": 0.011937062816763988, "2": 0.01386756517593457, "3": -0.022607972004096977, "4": -0.0007947919889821353, "5": 0.0028168581491105904, "6": 0.030009021178289963, "7": -0.030317259481633996, "8": 0.0037844448719882573, "9": 0.01978105174738609, "10": -0.024161320302776457, "11": -0.004124784274161908, "12": 0.02930666543604532, "13": -0.025852428860960508, "14": 0.01943555319198753, "15": 0.037478419447673605, "16": 0.014709906059855893, "17": -0.012584602499502773, "18": -0.004670081865499609, "19": -0.036683804384517515, "20": 0.03028779681721705, "21": -0.005778905872446727, "22": -0.004057617382353329, "23": -0.006967337753178038, "25": -0.013990854486528648, "26": -0.008160569946074947, "27": 0.016224761942720156, "28": 0.013747160768909361, "29": 0.00564392438003003, "30": 0.02683025378080306, "31": 0.03153345157998322, "32": 0.014645530359192471, "33": 0.006861922195434134, "34": -0.023737520993180827, "35": -0.01670126542327449, "36": 0.01580478405421759, "37": 0.006916113921498934, "38": -0.040023320200304247, "39": -0.01620555859364825, "40": 0.006966372283720101, "41": 0.005258182454133564, "42": 0.04016503417184458, "43": -0.011737486455289214, "44": -9.453357967798004e-05, "45": -0.01890119879552299, "46": -0.027574499155752275, "47": -0.010205858130092671, "48": 0.005403479207260364, "49": -0.02554649932459424, "50": 0.022494498207362934, "51": 0.015558213791219688, "52": 0.0019581398967761787, "53": -0.06439902127817437, "54": 0.0020298604127456654, "55": 0.011286157074606451, "56": 0.012445601813835694, "57": 0.02405927249283757, "58": 0.006185397050543884, "59": -0.022271418678843857, "60": 0.0014956352656134708, "61": 0.011852886649706185, "62": -0.0034051174518208716, "63": 0.00473532965063439, "64": -0.021078845613588915, "65": -0.05054636802975432, "66": -0.048942743788565946, "67": 0.04576083728456004, "68": 0.013704692485266734, "69": -0.03941303254144024, "70": -0.01746171576140082, "71": 0.002695150329851792, "72": -0.025424875978539818, "73": 0.01497227871729867, "74": 0.0084321967754164, "75": -0.012312005406813376, "76": 0.015109143304328554, "77": 0.009979243977608632, "78": -0.011382953147317965, "79": -0.0265236933085789, "80": -0.027052031244510555, "81": 0.0386362148974414, "82": -0.00023887453559978677, "83": -0.014422730466427669, "84": 0.01814533463349166, "85": 0.011436313076304438, "86": -0.01726853970254355, "87": -0.002472908552356601, "88": 0.019866018142754793, "89": 0.01629301248967374, "90": -0.03128551294414361, "91": -0.00499122228643839, "92": -0.00015037525976480115, "93": 0.013569186423508683, "94": 0.016060937409420495, "95": 0.014294162828305645, "96": 0.015924296218954304, "97": -0.016443568094653416, "98": -0.03890287823810851, "99": 0.00025269283259454767, "100": -0.02217668388711347, "101": 0.012171918819978145, "102": 0.0012012799287491882, "103": -0.00270495761083428, "104": 0.015803349018418067, "105": -0.024147905747077536, "106": -0.03203561642981606, "107": -0.019449522947321385, "108": 0.009302660275216201, "109": -0.04491925816232989, "110": 0.005868902524792774, "111": -0.011064284531675683, "112": 0.014617167093005867, "113": -0.006689316732736317, "114": -0.04959410028190914, "119": -0.010811538943333143, "120": -0.04696966588210466, "121": -0.007655008924168372, "123": -0.017636345979308743, "126": 0.00463118213670366, "128": -0.028052060616010177, "129": -0.02753844641451597, "131": -0.028052810434652242, "135": -0.0006081293589018655, "136": -0.018089946966696968, "137": -0.009752246055197311, "138": -0.00039158535890015944, "145": -0.03276138750791291, "155": 0.008529857625828252}